en,fr
All,Toutes
English,Anglais
Spanish,Espagnol
Farsi,Farsi
French,Français
Arabic,Arabe
Serbian,Serbe
Russian,Russe
Cantonese,Cantonais
Polish,Polonais
Afrikaans,Afrikaans
Czech,Tchèque
Slovak,Slovaque
Sesotho,Sesotho
Romanian,Roumain
Chinese,Chinois
Mandarin,Mandarin
Ukrainian,Ukrainien
Vietnamese,Vietnamien
Panjabi/Punjabi,Panjabi/Punjabi
Kachchi,Kachchi
Yoruba,Yoruba
Tamil,Tamoul
Bosnian,Bosniaque
Croatian,Croate
Hindi,Hindi
Hungarian,Hongrois
Lingala,Lingala
Swahili,Swahili
Dutch,Néerlandais
Urdu,Urdu
Turkish,Turc
Sinhala,Cinghalais
Sinhalese,Cinghalais
Armenian,Arménien
Amharic,Amharique
Italian,Italien
Persian,Persan
Danish,Danois
German,Allemand
Igbo,Igbo
Korean,Coréen
Portuguese,Portugais
Hebrew,Hébreu
Gujarati,Gujarati
Bengali,Bengali
Kannada,Kannada
Finnish,Finnois
Creole,Créole
Gaelic,Gaélique
Telugu,Telugu
Norwegian,Norvégien
Tigrinya,Tigrinya
Fuzhou,Fuzhou
